{"cameraMode":{"drawMode":0,"name":"Shaded","section":"Shading Mode"},"sceneLighting":true,"audioPlay":false,"sceneViewState":{"showFog":true,"showMaterialUpdate":false,"showSkybox":true,"showFlares":true,"showImageEffects":true,"showParticleSystems":true},"in2DMode":false,"pivot":{"x":-2.679368019104004,"y":1.7582740783691407,"z":8.673664093017579},"rotation":{"x":0.31944525241851809,"y":-0.1928873360157013,"z":0.066585972905159,"w":0.9253738522529602},"size":16.471363067626954,"orthographic":false}